"state","state_abb","category","indicator","period","period_meaningful","denominator","numerator","performance","national_standard","status","state_rank","reporting_states","data_used","as_of_date","profile_version","source","indicator_sort","indicator_short","indicator_very_short","description","denominator_def","numerator_def","direction_rule","direction_desired","direction_legend","decimal_precision","scale","format","risk_adjustment","exclusions","notes"
"Maryland","MD","Permanency","Permanency in 12 months for children entering care","20A20B","Oct '19 - Sep '20",,,,35.2,"dq",,,"20A-22A",2025-02-15,"February 2025","Children's Bureau. (2025, Feb). MD - CFSR 4 Data Profile - Feb 2025 [pdf file]. U.S. Department of Health & Human Services, Administration for Children and Families, Administration on Children, Youth and Families.",4,"Perm in 12 months (entries)","Perm in 12 (entries)","Percent of children who enter foster care in a 12-month period who discharge to permanency within 12 months of entering care.","Number of children who enter foster care during a 12-month period.","Number of children in the denominator who discharge to permanency within 12 months of entering care.","gt","up","A higher value is more desirable.",1,100,"percent","State; age at entry; state's foster care entry rate","Children in foster care <8 days; children without a discharge reason; children who reenter in the same reporting period due to reporting structure not including discharge reason for the first episode.","Trial home visit (THV) adjustment: any THV time exceeding 30 days is discounted when the child discharges to reunification after a THV placement setting."
"Maryland","MD","Permanency","Permanency in 12 months for children entering care","20B21A","Apr '20 - Mar '21",1265,329,0.26,35.2,"worse",,,"20B-22B",2025-02-15,"February 2025","Children's Bureau. (2025, Feb). MD - CFSR 4 Data Profile - Feb 2025 [pdf file]. U.S. Department of Health & Human Services, Administration for Children and Families, Administration on Children, Youth and Families.",4,"Perm in 12 months (entries)","Perm in 12 (entries)","Percent of children who enter foster care in a 12-month period who discharge to permanency within 12 months of entering care.","Number of children who enter foster care during a 12-month period.","Number of children in the denominator who discharge to permanency within 12 months of entering care.","gt","up","A higher value is more desirable.",1,100,"percent","State; age at entry; state's foster care entry rate","Children in foster care <8 days; children without a discharge reason; children who reenter in the same reporting period due to reporting structure not including discharge reason for the first episode.","Trial home visit (THV) adjustment: any THV time exceeding 30 days is discounted when the child discharges to reunification after a THV placement setting."
"Maryland","MD","Permanency","Permanency in 12 months for children entering care","21A21B","Oct '20 - Sep '21",1366,387,0.283,35.2,"worse",,,"21A-23A",2025-02-15,"February 2025","Children's Bureau. (2025, Feb). MD - CFSR 4 Data Profile - Feb 2025 [pdf file]. U.S. Department of Health & Human Services, Administration for Children and Families, Administration on Children, Youth and Families.",4,"Perm in 12 months (entries)","Perm in 12 (entries)","Percent of children who enter foster care in a 12-month period who discharge to permanency within 12 months of entering care.","Number of children who enter foster care during a 12-month period.","Number of children in the denominator who discharge to permanency within 12 months of entering care.","gt","up","A higher value is more desirable.",1,100,"percent","State; age at entry; state's foster care entry rate","Children in foster care <8 days; children without a discharge reason; children who reenter in the same reporting period due to reporting structure not including discharge reason for the first episode.","Trial home visit (THV) adjustment: any THV time exceeding 30 days is discounted when the child discharges to reunification after a THV placement setting."
"Maryland","MD","Permanency","Permanency in 12 months for children entering care","21B22A","Apr '21 - Mar '22",1440,403,0.28,35.2,"worse",,,"21B-23B",2025-02-15,"February 2025","Children's Bureau. (2025, Feb). MD - CFSR 4 Data Profile - Feb 2025 [pdf file]. U.S. Department of Health & Human Services, Administration for Children and Families, Administration on Children, Youth and Families.",4,"Perm in 12 months (entries)","Perm in 12 (entries)","Percent of children who enter foster care in a 12-month period who discharge to permanency within 12 months of entering care.","Number of children who enter foster care during a 12-month period.","Number of children in the denominator who discharge to permanency within 12 months of entering care.","gt","up","A higher value is more desirable.",1,100,"percent","State; age at entry; state's foster care entry rate","Children in foster care <8 days; children without a discharge reason; children who reenter in the same reporting period due to reporting structure not including discharge reason for the first episode.","Trial home visit (THV) adjustment: any THV time exceeding 30 days is discounted when the child discharges to reunification after a THV placement setting."
"Maryland","MD","Permanency","Permanency in 12 months for children entering care","22A22B","Oct '21 - Sep '22",1429,358,0.251,35.2,"worse",,,"22A-24A",2025-02-15,"February 2025","Children's Bureau. (2025, Feb). MD - CFSR 4 Data Profile - Feb 2025 [pdf file]. U.S. Department of Health & Human Services, Administration for Children and Families, Administration on Children, Youth and Families.",4,"Perm in 12 months (entries)","Perm in 12 (entries)","Percent of children who enter foster care in a 12-month period who discharge to permanency within 12 months of entering care.","Number of children who enter foster care during a 12-month period.","Number of children in the denominator who discharge to permanency within 12 months of entering care.","gt","up","A higher value is more desirable.",1,100,"percent","State; age at entry; state's foster care entry rate","Children in foster care <8 days; children without a discharge reason; children who reenter in the same reporting period due to reporting structure not including discharge reason for the first episode.","Trial home visit (THV) adjustment: any THV time exceeding 30 days is discounted when the child discharges to reunification after a THV placement setting."
"Maryland","MD","Permanency","Permanency in 12 months for children entering care","22B23A","Apr '22 - Mar '23",1316,294,0.223,35.2,"worse",,,"22B-24B",2025-02-15,"February 2025","Children's Bureau. (2025, Feb). MD - CFSR 4 Data Profile - Feb 2025 [pdf file]. U.S. Department of Health & Human Services, Administration for Children and Families, Administration on Children, Youth and Families.",4,"Perm in 12 months (entries)","Perm in 12 (entries)","Percent of children who enter foster care in a 12-month period who discharge to permanency within 12 months of entering care.","Number of children who enter foster care during a 12-month period.","Number of children in the denominator who discharge to permanency within 12 months of entering care.","gt","up","A higher value is more desirable.",1,100,"percent","State; age at entry; state's foster care entry rate","Children in foster care <8 days; children without a discharge reason; children who reenter in the same reporting period due to reporting structure not including discharge reason for the first episode.","Trial home visit (THV) adjustment: any THV time exceeding 30 days is discounted when the child discharges to reunification after a THV placement setting."
"Maryland","MD","Permanency","Permanency in 12 months for children in care 12-23 months","21B22A","Apr '21 - Mar '22",989,284,0.287,43.8,"worse",,,"21B-22A",2025-02-15,"February 2025","Children's Bureau. (2025, Feb). MD - CFSR 4 Data Profile - Feb 2025 [pdf file]. U.S. Department of Health & Human Services, Administration for Children and Families, Administration on Children, Youth and Families.",5,"Perm in 12 months (12-23 months)","Perm in 12 (12-23 mos)","Percent of children in foster care on the first day of a 12-month period who had been in care continuously for 12-23 months and who discharge to permanency within 12 months of the first day.","Number of children in foster care on the first day of the 12-month period who had been in care continuously for 12-23 months.","Number of children in the denominator who discharge to permanency within 12 months of the first day of the 12-month period.","gt","up","A higher value is more desirable.",1,100,"percent","State; age on first day","Children without a discharge reason; children who reenter foster care in the same reporting period due to reporting structure not including discharge reason for the first episode.",""
"Maryland","MD","Permanency","Permanency in 12 months for children in care 12-23 months","22A22B","Oct '21 - Sep '22",875,248,0.283,43.8,"worse",,,"22A-22B",2025-02-15,"February 2025","Children's Bureau. (2025, Feb). MD - CFSR 4 Data Profile - Feb 2025 [pdf file]. U.S. Department of Health & Human Services, Administration for Children and Families, Administration on Children, Youth and Families.",5,"Perm in 12 months (12-23 months)","Perm in 12 (12-23 mos)","Percent of children in foster care on the first day of a 12-month period who had been in care continuously for 12-23 months and who discharge to permanency within 12 months of the first day.","Number of children in foster care on the first day of the 12-month period who had been in care continuously for 12-23 months.","Number of children in the denominator who discharge to permanency within 12 months of the first day of the 12-month period.","gt","up","A higher value is more desirable.",1,100,"percent","State; age on first day","Children without a discharge reason; children who reenter foster care in the same reporting period due to reporting structure not including discharge reason for the first episode.",""
"Maryland","MD","Permanency","Permanency in 12 months for children in care 12-23 months","22B23A","Apr '22 - Mar '23",769,266,0.346,43.8,"worse",,,"22B-23A",2025-02-15,"February 2025","Children's Bureau. (2025, Feb). MD - CFSR 4 Data Profile - Feb 2025 [pdf file]. U.S. Department of Health & Human Services, Administration for Children and Families, Administration on Children, Youth and Families.",5,"Perm in 12 months (12-23 months)","Perm in 12 (12-23 mos)","Percent of children in foster care on the first day of a 12-month period who had been in care continuously for 12-23 months and who discharge to permanency within 12 months of the first day.","Number of children in foster care on the first day of the 12-month period who had been in care continuously for 12-23 months.","Number of children in the denominator who discharge to permanency within 12 months of the first day of the 12-month period.","gt","up","A higher value is more desirable.",1,100,"percent","State; age on first day","Children without a discharge reason; children who reenter foster care in the same reporting period due to reporting structure not including discharge reason for the first episode.",""
"Maryland","MD","Permanency","Permanency in 12 months for children in care 12-23 months","23A23B","Oct '22 - Sep '23",772,265,0.343,43.8,"worse",,,"23A-23B",2025-02-15,"February 2025","Children's Bureau. (2025, Feb). MD - CFSR 4 Data Profile - Feb 2025 [pdf file]. U.S. Department of Health & Human Services, Administration for Children and Families, Administration on Children, Youth and Families.",5,"Perm in 12 months (12-23 months)","Perm in 12 (12-23 mos)","Percent of children in foster care on the first day of a 12-month period who had been in care continuously for 12-23 months and who discharge to permanency within 12 months of the first day.","Number of children in foster care on the first day of the 12-month period who had been in care continuously for 12-23 months.","Number of children in the denominator who discharge to permanency within 12 months of the first day of the 12-month period.","gt","up","A higher value is more desirable.",1,100,"percent","State; age on first day","Children without a discharge reason; children who reenter foster care in the same reporting period due to reporting structure not including discharge reason for the first episode.",""
"Maryland","MD","Permanency","Permanency in 12 months for children in care 12-23 months","23B24A","Apr '23 - Mar '24",847,261,0.308,43.8,"worse",,,"23B-24A",2025-02-15,"February 2025","Children's Bureau. (2025, Feb). MD - CFSR 4 Data Profile - Feb 2025 [pdf file]. U.S. Department of Health & Human Services, Administration for Children and Families, Administration on Children, Youth and Families.",5,"Perm in 12 months (12-23 months)","Perm in 12 (12-23 mos)","Percent of children in foster care on the first day of a 12-month period who had been in care continuously for 12-23 months and who discharge to permanency within 12 months of the first day.","Number of children in foster care on the first day of the 12-month period who had been in care continuously for 12-23 months.","Number of children in the denominator who discharge to permanency within 12 months of the first day of the 12-month period.","gt","up","A higher value is more desirable.",1,100,"percent","State; age on first day","Children without a discharge reason; children who reenter foster care in the same reporting period due to reporting structure not including discharge reason for the first episode.",""
"Maryland","MD","Permanency","Permanency in 12 months for children in care 12-23 months","24A24B","Oct '23 - Sep '24",869,315,0.362,43.8,"worse",,,"24A-24B",2025-02-15,"February 2025","Children's Bureau. (2025, Feb). MD - CFSR 4 Data Profile - Feb 2025 [pdf file]. U.S. Department of Health & Human Services, Administration for Children and Families, Administration on Children, Youth and Families.",5,"Perm in 12 months (12-23 months)","Perm in 12 (12-23 mos)","Percent of children in foster care on the first day of a 12-month period who had been in care continuously for 12-23 months and who discharge to permanency within 12 months of the first day.","Number of children in foster care on the first day of the 12-month period who had been in care continuously for 12-23 months.","Number of children in the denominator who discharge to permanency within 12 months of the first day of the 12-month period.","gt","up","A higher value is more desirable.",1,100,"percent","State; age on first day","Children without a discharge reason; children who reenter foster care in the same reporting period due to reporting structure not including discharge reason for the first episode.",""
"Maryland","MD","Permanency","Permanency in 12 months for children in care 24 months or more","21B22A","Apr '21 - Mar '22",1441,416,0.289,37.3,"worse",,,"21B-22A",2025-02-15,"February 2025","Children's Bureau. (2025, Feb). MD - CFSR 4 Data Profile - Feb 2025 [pdf file]. U.S. Department of Health & Human Services, Administration for Children and Families, Administration on Children, Youth and Families.",6,"Perm in 12 months (24 months or more)","Perm in 12 (24+ mos)","Percent of children in foster care on the first day of a 12-month period who had been in care continuously for 24 months or more and who discharge to permanency within 12 months of the first day.","Number of children in foster care on the first day of the 12-month period who had been in care continuously for 24 months or more.","Number of children in the denominator who discharge to permanency within 12 months of the first day of the 12-month period.","gt","up","A higher value is more desirable.",1,100,"percent","State; age on first day","Children without a discharge reason; children who re‑enter foster care in the same reporting period due to reporting structure not including discharge reason for the first episode.",""
"Maryland","MD","Permanency","Permanency in 12 months for children in care 24 months or more","22A22B","Oct '21 - Sep '22",1392,389,0.279,37.3,"worse",,,"22A-22B",2025-02-15,"February 2025","Children's Bureau. (2025, Feb). MD - CFSR 4 Data Profile - Feb 2025 [pdf file]. U.S. Department of Health & Human Services, Administration for Children and Families, Administration on Children, Youth and Families.",6,"Perm in 12 months (24 months or more)","Perm in 12 (24+ mos)","Percent of children in foster care on the first day of a 12-month period who had been in care continuously for 24 months or more and who discharge to permanency within 12 months of the first day.","Number of children in foster care on the first day of the 12-month period who had been in care continuously for 24 months or more.","Number of children in the denominator who discharge to permanency within 12 months of the first day of the 12-month period.","gt","up","A higher value is more desirable.",1,100,"percent","State; age on first day","Children without a discharge reason; children who re‑enter foster care in the same reporting period due to reporting structure not including discharge reason for the first episode.",""
"Maryland","MD","Permanency","Permanency in 12 months for children in care 24 months or more","22B23A","Apr '22 - Mar '23",1586,409,0.258,37.3,"worse",,,"22B-23A",2025-02-15,"February 2025","Children's Bureau. (2025, Feb). MD - CFSR 4 Data Profile - Feb 2025 [pdf file]. U.S. Department of Health & Human Services, Administration for Children and Families, Administration on Children, Youth and Families.",6,"Perm in 12 months (24 months or more)","Perm in 12 (24+ mos)","Percent of children in foster care on the first day of a 12-month period who had been in care continuously for 24 months or more and who discharge to permanency within 12 months of the first day.","Number of children in foster care on the first day of the 12-month period who had been in care continuously for 24 months or more.","Number of children in the denominator who discharge to permanency within 12 months of the first day of the 12-month period.","gt","up","A higher value is more desirable.",1,100,"percent","State; age on first day","Children without a discharge reason; children who re‑enter foster care in the same reporting period due to reporting structure not including discharge reason for the first episode.",""
"Maryland","MD","Permanency","Permanency in 12 months for children in care 24 months or more","23A23B","Oct '22 - Sep '23",1427,488,0.342,37.3,"worse",,,"23A-23B",2025-02-15,"February 2025","Children's Bureau. (2025, Feb). MD - CFSR 4 Data Profile - Feb 2025 [pdf file]. U.S. Department of Health & Human Services, Administration for Children and Families, Administration on Children, Youth and Families.",6,"Perm in 12 months (24 months or more)","Perm in 12 (24+ mos)","Percent of children in foster care on the first day of a 12-month period who had been in care continuously for 24 months or more and who discharge to permanency within 12 months of the first day.","Number of children in foster care on the first day of the 12-month period who had been in care continuously for 24 months or more.","Number of children in the denominator who discharge to permanency within 12 months of the first day of the 12-month period.","gt","up","A higher value is more desirable.",1,100,"percent","State; age on first day","Children without a discharge reason; children who re‑enter foster care in the same reporting period due to reporting structure not including discharge reason for the first episode.",""
"Maryland","MD","Permanency","Permanency in 12 months for children in care 24 months or more","23B24A","Apr '23 - Mar '24",1326,453,0.342,37.3,"worse",,,"23B-24A",2025-02-15,"February 2025","Children's Bureau. (2025, Feb). MD - CFSR 4 Data Profile - Feb 2025 [pdf file]. U.S. Department of Health & Human Services, Administration for Children and Families, Administration on Children, Youth and Families.",6,"Perm in 12 months (24 months or more)","Perm in 12 (24+ mos)","Percent of children in foster care on the first day of a 12-month period who had been in care continuously for 24 months or more and who discharge to permanency within 12 months of the first day.","Number of children in foster care on the first day of the 12-month period who had been in care continuously for 24 months or more.","Number of children in the denominator who discharge to permanency within 12 months of the first day of the 12-month period.","gt","up","A higher value is more desirable.",1,100,"percent","State; age on first day","Children without a discharge reason; children who re‑enter foster care in the same reporting period due to reporting structure not including discharge reason for the first episode.",""
"Maryland","MD","Permanency","Permanency in 12 months for children in care 24 months or more","24A24B","Oct '23 - Sep '24",1273,421,0.331,37.3,"worse",,,"24A-24B",2025-02-15,"February 2025","Children's Bureau. (2025, Feb). MD - CFSR 4 Data Profile - Feb 2025 [pdf file]. U.S. Department of Health & Human Services, Administration for Children and Families, Administration on Children, Youth and Families.",6,"Perm in 12 months (24 months or more)","Perm in 12 (24+ mos)","Percent of children in foster care on the first day of a 12-month period who had been in care continuously for 24 months or more and who discharge to permanency within 12 months of the first day.","Number of children in foster care on the first day of the 12-month period who had been in care continuously for 24 months or more.","Number of children in the denominator who discharge to permanency within 12 months of the first day of the 12-month period.","gt","up","A higher value is more desirable.",1,100,"percent","State; age on first day","Children without a discharge reason; children who re‑enter foster care in the same reporting period due to reporting structure not including discharge reason for the first episode.",""
"Maryland","MD","Permanency","Reentry to foster care within 12 months","20B21A","Apr '20 - Mar '21",714,37,0.052,5.6,"nodiff",,,"20B-22A",2025-02-15,"February 2025","Children's Bureau. (2025, Feb). MD - CFSR 4 Data Profile - Feb 2025 [pdf file]. U.S. Department of Health & Human Services, Administration for Children and Families, Administration on Children, Youth and Families.",7,"Reentry to foster care within 12 months","Reentry","Percent of children who exit foster care in a 12-month period to permanency and who reenter foster care within 12 months of discharge.","Number of children who discharge from foster care during a 12-month period to permanency.","Number of children in the denominator who reenter foster care within 12 months of their discharge to permanency.","lt","down","A lower value is more desirable. ",1,100,"percent","State; age at exit","Children whose first episode discharge lacks a discharge reason; records where the reentry removal date is before the prior discharge date; children who reenter in the same reporting period due to reporting structure not including discharge reason for the first episode.","If a child has multiple reentries within 12 months, only the first reentry is counted."
"Maryland","MD","Permanency","Reentry to foster care within 12 months","21A21B","Oct '20 - Sep '21",1069,61,0.057,5.6,"nodiff",,,"21A-22B",2025-02-15,"February 2025","Children's Bureau. (2025, Feb). MD - CFSR 4 Data Profile - Feb 2025 [pdf file]. U.S. Department of Health & Human Services, Administration for Children and Families, Administration on Children, Youth and Families.",7,"Reentry to foster care within 12 months","Reentry","Percent of children who exit foster care in a 12-month period to permanency and who reenter foster care within 12 months of discharge.","Number of children who discharge from foster care during a 12-month period to permanency.","Number of children in the denominator who reenter foster care within 12 months of their discharge to permanency.","lt","down","A lower value is more desirable. ",1,100,"percent","State; age at exit","Children whose first episode discharge lacks a discharge reason; records where the reentry removal date is before the prior discharge date; children who reenter in the same reporting period due to reporting structure not including discharge reason for the first episode.","If a child has multiple reentries within 12 months, only the first reentry is counted."
"Maryland","MD","Permanency","Reentry to foster care within 12 months","21B22A","Apr '21 - Mar '22",1044,53,0.051,5.6,"nodiff",,,"21B-23A",2025-02-15,"February 2025","Children's Bureau. (2025, Feb). MD - CFSR 4 Data Profile - Feb 2025 [pdf file]. U.S. Department of Health & Human Services, Administration for Children and Families, Administration on Children, Youth and Families.",7,"Reentry to foster care within 12 months","Reentry","Percent of children who exit foster care in a 12-month period to permanency and who reenter foster care within 12 months of discharge.","Number of children who discharge from foster care during a 12-month period to permanency.","Number of children in the denominator who reenter foster care within 12 months of their discharge to permanency.","lt","down","A lower value is more desirable. ",1,100,"percent","State; age at exit","Children whose first episode discharge lacks a discharge reason; records where the reentry removal date is before the prior discharge date; children who reenter in the same reporting period due to reporting structure not including discharge reason for the first episode.","If a child has multiple reentries within 12 months, only the first reentry is counted."
"Maryland","MD","Permanency","Reentry to foster care within 12 months","22A22B","Oct '21 - Sep '22",,,,5.6,"dq",,,"22A-23B",2025-02-15,"February 2025","Children's Bureau. (2025, Feb). MD - CFSR 4 Data Profile - Feb 2025 [pdf file]. U.S. Department of Health & Human Services, Administration for Children and Families, Administration on Children, Youth and Families.",7,"Reentry to foster care within 12 months","Reentry","Percent of children who exit foster care in a 12-month period to permanency and who reenter foster care within 12 months of discharge.","Number of children who discharge from foster care during a 12-month period to permanency.","Number of children in the denominator who reenter foster care within 12 months of their discharge to permanency.","lt","down","A lower value is more desirable. ",1,100,"percent","State; age at exit","Children whose first episode discharge lacks a discharge reason; records where the reentry removal date is before the prior discharge date; children who reenter in the same reporting period due to reporting structure not including discharge reason for the first episode.","If a child has multiple reentries within 12 months, only the first reentry is counted."
"Maryland","MD","Permanency","Reentry to foster care within 12 months","22B23A","Apr '22 - Mar '23",,,,5.6,"dq",,,"22B-24A",2025-02-15,"February 2025","Children's Bureau. (2025, Feb). MD - CFSR 4 Data Profile - Feb 2025 [pdf file]. U.S. Department of Health & Human Services, Administration for Children and Families, Administration on Children, Youth and Families.",7,"Reentry to foster care within 12 months","Reentry","Percent of children who exit foster care in a 12-month period to permanency and who reenter foster care within 12 months of discharge.","Number of children who discharge from foster care during a 12-month period to permanency.","Number of children in the denominator who reenter foster care within 12 months of their discharge to permanency.","lt","down","A lower value is more desirable. ",1,100,"percent","State; age at exit","Children whose first episode discharge lacks a discharge reason; records where the reentry removal date is before the prior discharge date; children who reenter in the same reporting period due to reporting structure not including discharge reason for the first episode.","If a child has multiple reentries within 12 months, only the first reentry is counted."
"Maryland","MD","Permanency","Reentry to foster care within 12 months","23A23B","Oct '22 - Sep '23",,,,5.6,"dq",,,"23A-24B",2025-02-15,"February 2025","Children's Bureau. (2025, Feb). MD - CFSR 4 Data Profile - Feb 2025 [pdf file]. U.S. Department of Health & Human Services, Administration for Children and Families, Administration on Children, Youth and Families.",7,"Reentry to foster care within 12 months","Reentry","Percent of children who exit foster care in a 12-month period to permanency and who reenter foster care within 12 months of discharge.","Number of children who discharge from foster care during a 12-month period to permanency.","Number of children in the denominator who reenter foster care within 12 months of their discharge to permanency.","lt","down","A lower value is more desirable. ",1,100,"percent","State; age at exit","Children whose first episode discharge lacks a discharge reason; records where the reentry removal date is before the prior discharge date; children who reenter in the same reporting period due to reporting structure not including discharge reason for the first episode.","If a child has multiple reentries within 12 months, only the first reentry is counted."
"Maryland","MD","Well-Being","Placement stability (moves / 1,000 days in care)","21B22A","Apr '21 - Mar '22",231834,1067,4.6,4.48,"nodiff",,,"21B-22A",2025-02-15,"February 2025","Children's Bureau. (2025, Feb). MD - CFSR 4 Data Profile - Feb 2025 [pdf file]. U.S. Department of Health & Human Services, Administration for Children and Families, Administration on Children, Youth and Families.",8,"Placement stability","Placement stability","Number of placement moves per 1,000 days of foster care among children who enter care during a 12-month period.","Total number of days in foster care for children who enter care in the 12-month period (as of the end of the period).","For children who enter care during the 12-month period, the number of placement moves during that period (initial removal into foster care is not counted as a move).","lt","down","A lower value is more desirable. ",2,1000,"rate","State; age at entry","Children in foster care <8 days; days in care where placement information cannot be determined.","When discharge date is missing in the first 6-month file but present as 'date of prior discharge' in the next file, that date is used to calculate length of stay."
"Maryland","MD","Well-Being","Placement stability (moves / 1,000 days in care)","22A22B","Oct '21 - Sep '22",227859,1143,5.02,4.48,"nodiff",,,"22A-22B",2025-02-15,"February 2025","Children's Bureau. (2025, Feb). MD - CFSR 4 Data Profile - Feb 2025 [pdf file]. U.S. Department of Health & Human Services, Administration for Children and Families, Administration on Children, Youth and Families.",8,"Placement stability","Placement stability","Number of placement moves per 1,000 days of foster care among children who enter care during a 12-month period.","Total number of days in foster care for children who enter care in the 12-month period (as of the end of the period).","For children who enter care during the 12-month period, the number of placement moves during that period (initial removal into foster care is not counted as a move).","lt","down","A lower value is more desirable. ",2,1000,"rate","State; age at entry","Children in foster care <8 days; days in care where placement information cannot be determined.","When discharge date is missing in the first 6-month file but present as 'date of prior discharge' in the next file, that date is used to calculate length of stay."
"Maryland","MD","Well-Being","Placement stability (moves / 1,000 days in care)","22B23A","Apr '22 - Mar '23",224509,1139,5.07,4.48,"worse",,,"22B-23A",2025-02-15,"February 2025","Children's Bureau. (2025, Feb). MD - CFSR 4 Data Profile - Feb 2025 [pdf file]. U.S. Department of Health & Human Services, Administration for Children and Families, Administration on Children, Youth and Families.",8,"Placement stability","Placement stability","Number of placement moves per 1,000 days of foster care among children who enter care during a 12-month period.","Total number of days in foster care for children who enter care in the 12-month period (as of the end of the period).","For children who enter care during the 12-month period, the number of placement moves during that period (initial removal into foster care is not counted as a move).","lt","down","A lower value is more desirable. ",2,1000,"rate","State; age at entry","Children in foster care <8 days; days in care where placement information cannot be determined.","When discharge date is missing in the first 6-month file but present as 'date of prior discharge' in the next file, that date is used to calculate length of stay."
"Maryland","MD","Well-Being","Placement stability (moves / 1,000 days in care)","23A23B","Oct '22 - Sep '23",190637,1021,5.36,4.48,"worse",,,"23A-23B",2025-02-15,"February 2025","Children's Bureau. (2025, Feb). MD - CFSR 4 Data Profile - Feb 2025 [pdf file]. U.S. Department of Health & Human Services, Administration for Children and Families, Administration on Children, Youth and Families.",8,"Placement stability","Placement stability","Number of placement moves per 1,000 days of foster care among children who enter care during a 12-month period.","Total number of days in foster care for children who enter care in the 12-month period (as of the end of the period).","For children who enter care during the 12-month period, the number of placement moves during that period (initial removal into foster care is not counted as a move).","lt","down","A lower value is more desirable. ",2,1000,"rate","State; age at entry","Children in foster care <8 days; days in care where placement information cannot be determined.","When discharge date is missing in the first 6-month file but present as 'date of prior discharge' in the next file, that date is used to calculate length of stay."
"Maryland","MD","Well-Being","Placement stability (moves / 1,000 days in care)","23B24A","Apr '23 - Mar '24",205437,953,4.64,4.48,"nodiff",,,"23B-24A",2025-02-15,"February 2025","Children's Bureau. (2025, Feb). MD - CFSR 4 Data Profile - Feb 2025 [pdf file]. U.S. Department of Health & Human Services, Administration for Children and Families, Administration on Children, Youth and Families.",8,"Placement stability","Placement stability","Number of placement moves per 1,000 days of foster care among children who enter care during a 12-month period.","Total number of days in foster care for children who enter care in the 12-month period (as of the end of the period).","For children who enter care during the 12-month period, the number of placement moves during that period (initial removal into foster care is not counted as a move).","lt","down","A lower value is more desirable. ",2,1000,"rate","State; age at entry","Children in foster care <8 days; days in care where placement information cannot be determined.","When discharge date is missing in the first 6-month file but present as 'date of prior discharge' in the next file, that date is used to calculate length of stay."
"Maryland","MD","Well-Being","Placement stability (moves / 1,000 days in care)","24A24B","Oct '23 - Sep '24",192252,896,4.66,4.48,"nodiff",,,"24A-24B",2025-02-15,"February 2025","Children's Bureau. (2025, Feb). MD - CFSR 4 Data Profile - Feb 2025 [pdf file]. U.S. Department of Health & Human Services, Administration for Children and Families, Administration on Children, Youth and Families.",8,"Placement stability","Placement stability","Number of placement moves per 1,000 days of foster care among children who enter care during a 12-month period.","Total number of days in foster care for children who enter care in the 12-month period (as of the end of the period).","For children who enter care during the 12-month period, the number of placement moves during that period (initial removal into foster care is not counted as a move).","lt","down","A lower value is more desirable. ",2,1000,"rate","State; age at entry","Children in foster care <8 days; days in care where placement information cannot be determined.","When discharge date is missing in the first 6-month file but present as 'date of prior discharge' in the next file, that date is used to calculate length of stay."
"Maryland","MD","Safety","Maltreatment in care (victimizations / 100,000 days in care)","20AB_FY20","Oct '19 - Sep '20, FY20",,,,9.07,"dq",,,"20A-20B, FY20-21",2025-02-15,"February 2025","Children's Bureau. (2025, Feb). MD - CFSR 4 Data Profile - Feb 2025 [pdf file]. U.S. Department of Health & Human Services, Administration for Children and Families, Administration on Children, Youth and Families.",1,"Maltreatment in foster care","Maltreatment in care","Number of victimizations per 100,000 days of care among children in foster care during a 12-month period.","Total number of days in foster care for children who were in care during the 12-month period (as of the end of the period).","Number of substantiated or indicated maltreatment reports (by any perpetrator) occurring during a foster care episode within the 12-month period.","lt","down","A lower value is more desirable. ",2,100000,"rate","State; age at entry (for children entering) or age on first day of the 12-month period (for children already in care)","Complete episodes lasting <8 days (neither days nor maltreatment counted); maltreatment reported within the first 7 days of removal; reports with incident date outside the foster care episode (when incident date exists); reports with report date outside the 12-month period; subsequent maltreatment reports occurring within 1 day of the initial report.","Cases matched across AFCARS and NCANDS using AFCARS ID; report date determines inclusion in the 12-month window; incident dates used (when present) to check if victimization occurred outside the episode; special handling of prior discharge date to calculate length of stay when missing in first file; two years of NCANDS used to ensure the report falls in the 12-month period."
"Maryland","MD","Safety","Maltreatment in care (victimizations / 100,000 days in care)","21AB_FY21","Oct '20 - Sep '21, FY21",1277015,178,13.94,9.07,"worse",,,"21A-21B, FY21-22",2025-02-15,"February 2025","Children's Bureau. (2025, Feb). MD - CFSR 4 Data Profile - Feb 2025 [pdf file]. U.S. Department of Health & Human Services, Administration for Children and Families, Administration on Children, Youth and Families.",1,"Maltreatment in foster care","Maltreatment in care","Number of victimizations per 100,000 days of care among children in foster care during a 12-month period.","Total number of days in foster care for children who were in care during the 12-month period (as of the end of the period).","Number of substantiated or indicated maltreatment reports (by any perpetrator) occurring during a foster care episode within the 12-month period.","lt","down","A lower value is more desirable. ",2,100000,"rate","State; age at entry (for children entering) or age on first day of the 12-month period (for children already in care)","Complete episodes lasting <8 days (neither days nor maltreatment counted); maltreatment reported within the first 7 days of removal; reports with incident date outside the foster care episode (when incident date exists); reports with report date outside the 12-month period; subsequent maltreatment reports occurring within 1 day of the initial report.","Cases matched across AFCARS and NCANDS using AFCARS ID; report date determines inclusion in the 12-month window; incident dates used (when present) to check if victimization occurred outside the episode; special handling of prior discharge date to calculate length of stay when missing in first file; two years of NCANDS used to ensure the report falls in the 12-month period."
"Maryland","MD","Safety","Maltreatment in care (victimizations / 100,000 days in care)","22AB_FY22","Oct '21 - Sep '22, FY22",1235735,134,10.84,9.07,"worse",,,"22A-22B, FY22-23",2025-02-15,"February 2025","Children's Bureau. (2025, Feb). MD - CFSR 4 Data Profile - Feb 2025 [pdf file]. U.S. Department of Health & Human Services, Administration for Children and Families, Administration on Children, Youth and Families.",1,"Maltreatment in foster care","Maltreatment in care","Number of victimizations per 100,000 days of care among children in foster care during a 12-month period.","Total number of days in foster care for children who were in care during the 12-month period (as of the end of the period).","Number of substantiated or indicated maltreatment reports (by any perpetrator) occurring during a foster care episode within the 12-month period.","lt","down","A lower value is more desirable. ",2,100000,"rate","State; age at entry (for children entering) or age on first day of the 12-month period (for children already in care)","Complete episodes lasting <8 days (neither days nor maltreatment counted); maltreatment reported within the first 7 days of removal; reports with incident date outside the foster care episode (when incident date exists); reports with report date outside the 12-month period; subsequent maltreatment reports occurring within 1 day of the initial report.","Cases matched across AFCARS and NCANDS using AFCARS ID; report date determines inclusion in the 12-month window; incident dates used (when present) to check if victimization occurred outside the episode; special handling of prior discharge date to calculate length of stay when missing in first file; two years of NCANDS used to ensure the report falls in the 12-month period."
"Maryland","MD","Safety","Maltreatment recurrence within 12 months","FY20-21","FY20-21",6201,456,0.074,9.7,"nodiff",,,"FY20-21",2025-02-15,"February 2025","Children's Bureau. (2025, Feb). MD - CFSR 4 Data Profile - Feb 2025 [pdf file]. U.S. Department of Health & Human Services, Administration for Children and Families, Administration on Children, Youth and Families.",2,"Maltreatment recurrence within 12 months","Maltreatment recurrence","Percent of children with a substantiated or indicated maltreatment report during a 12-month period who experience another substantiated or indicated report within 12 months of the initial report.","Number of children with at least one substantiated or indicated maltreatment report during a 12-month period.","Number of children in the denominator who experience another substantiated or indicated maltreatment report within 12 months of the initial report.","lt","down","A lower value is more desirable. ",1,100,"percent","State; age at initial victimization","Subsequent victimizations with a report date within 14 days of the initial report; subsequent reports where the incident date matches the initial incident (treated as the same incident); unborn children.","Report date is used to determine whether the initial victimization occurred during the 12-month period. Incident dates are used only to detect duplicates that refer to the same incident."
"Maryland","MD","Safety","Maltreatment recurrence within 12 months","FY21-22","FY21-22",5998,511,0.085,9.7,"worse",,,"FY21-22",2025-02-15,"February 2025","Children's Bureau. (2025, Feb). MD - CFSR 4 Data Profile - Feb 2025 [pdf file]. U.S. Department of Health & Human Services, Administration for Children and Families, Administration on Children, Youth and Families.",2,"Maltreatment recurrence within 12 months","Maltreatment recurrence","Percent of children with a substantiated or indicated maltreatment report during a 12-month period who experience another substantiated or indicated report within 12 months of the initial report.","Number of children with at least one substantiated or indicated maltreatment report during a 12-month period.","Number of children in the denominator who experience another substantiated or indicated maltreatment report within 12 months of the initial report.","lt","down","A lower value is more desirable. ",1,100,"percent","State; age at initial victimization","Subsequent victimizations with a report date within 14 days of the initial report; subsequent reports where the incident date matches the initial incident (treated as the same incident); unborn children.","Report date is used to determine whether the initial victimization occurred during the 12-month period. Incident dates are used only to detect duplicates that refer to the same incident."
"Maryland","MD","Safety","Maltreatment recurrence within 12 months","FY22-23","FY22-23",6240,554,0.089,9.7,"worse",,,"FY22-23",2025-02-15,"February 2025","Children's Bureau. (2025, Feb). MD - CFSR 4 Data Profile - Feb 2025 [pdf file]. U.S. Department of Health & Human Services, Administration for Children and Families, Administration on Children, Youth and Families.",2,"Maltreatment recurrence within 12 months","Maltreatment recurrence","Percent of children with a substantiated or indicated maltreatment report during a 12-month period who experience another substantiated or indicated report within 12 months of the initial report.","Number of children with at least one substantiated or indicated maltreatment report during a 12-month period.","Number of children in the denominator who experience another substantiated or indicated maltreatment report within 12 months of the initial report.","lt","down","A lower value is more desirable. ",1,100,"percent","State; age at initial victimization","Subsequent victimizations with a report date within 14 days of the initial report; subsequent reports where the incident date matches the initial incident (treated as the same incident); unborn children.","Report date is used to determine whether the initial victimization occurred during the 12-month period. Incident dates are used only to detect duplicates that refer to the same incident."
